{
"lengthUnit": "mil",
"remark": [],
"components": {
	"fields": ["COMPONENT_NO", "COMPONENT_NAME", "LAYER", "X_COORDINATE", "Y_COORDINATE", "ANGLE"],
	"rows": [
		[1, "BL_M2", "T", -475, -835, 0],
		[2, "BOOT", "T", -1695, 515, 180],
		[3, "BR_M3", "T", -340, 370, 180],
		[4, "C8", "T", -121.481, -420, 0],
		[5, "C9", "B", -42.4995, -782.5035, 90],
		[6, "C10", "B", 22.5005, -782.5035, 90],
		[7, "C12", "T", -638.537, -415.954, 90],
		[8, "C13", "T", -705, -145, 270],
		[9, "C14", "T", -525, -65, 0],
		[10, "C15", "T", -805, -285, 90],
		[11, "C16", "T", -870, -285, 90],
		[12, "C18", "T", -990, -760, 0],
		[13, "C20", "T", -280, -980, 90],
		[14, "C21", "T", -390, 280, 180],
		[15, "C23", "T", -1646.061, -633.941, 270],
		[16, "C24", "T", -875, 280, 180],
		[17, "C73", "T", -1017.44, -417.44, 180],
		[18, "C74", "T", -1260, -765, 90],
		[19, "C75", "T", -870, -705, 270],
		[20, "C76", "T", -1969.32, -341.143, 270],
		[21, "CN", "T", -1965, 507.7, 90],
		[22, "D5", "T", -990, -680, 180],
		[23, "D6", "T", -280, -845, 90],
		[24, "D7", "T", -390, 210, 0],
		[25, "D8", "T", -880, 205, 0],
		[26, "D9", "T", -1465, -675, 90],
		[27, "ESP32_WROOM_1", "B", -315, -280, 180],
		[28, "LED1", "T", -1965, 327.3, 270],
		[29, "MPU-1", "T", -554.04, -239.139, 90],
		[30, "ON", "T", -1512.04, 257.06, 0],
		[31, "ON1", "T", -1915, -210, 0],
		[32, "Q1", "T", -1415, 515, 0],
		[33, "Q2", "T", -1410, 360, 90],
		[34, "Q6", "T", -1560, -460, 0],
		[35, "Q9", "T", -1320, -905, 180],
		[36, "Q10", "T", -165, -995, 0],
		[37, "Q11", "T", -95, 380, 0],
		[38, "Q12", "T", -725, 205, 0],
		[39, "R1", "T", -1285, 315, 270],
		[40, "R2", "T", -1220, 325, 90],
		[41, "R9", "T", -131.481, -470, 0],
		[42, "R10", "T", -1910, -340, 270],
		[43, "R11", "T", -1849.9097, -338.5963, 90],
		[44, "R12", "T", -1791.6127, -337.3393, 270],
		[45, "R13", "T", -1540, 350, 270],
		[46, "R14", "T", -1540, 485, 90],
		[47, "R16", "T", -1445, 195, 0],
		[48, "R17", "T", -1795, -210, 0],
		[49, "R18", "T", 20, 385, 270],
		[50, "R19", "T", -575, -415, 90],
		[51, "R20", "T", -515, -415, 90],
		[52, "R21", "T", -400, -70, 0],
		[53, "R23", "T", -615, 330, 180],
		[54, "R24", "T", -160, -875, 0],
		[55, "R25", "T", -855, 45, 180],
		[56, "R26", "T", -1005, -145, 0],
		[57, "R27", "T", -1005, -200, 0],
		[58, "R30", "T", -1520, -890, 90],
		[59, "R31", "T", 5, 275, 0],
		[60, "R32", "T", -1450, -905, 90],
		[61, "R33", "T", -54.9465, -916.9475, 90],
		[62, "R34", "T", -590, 210, 270],
		[63, "R35", "T", -1864.41, 305.586, 90],
		[64, "R36", "T", -1860, 450, 270],
		[65, "R37", "T", -1390, -405, 90],
		[66, "RST", "T", -1695, 320, 180],
		[67, "TL_M1", "T", -995, -835, 0],
		[68, "TR_M4", "T", -875, 370, 180],
		[69, "U2", "T", -1340, -35, 0],
		[70, "U5", "T", -1567.66, -282.66, 180],
		[71, "U6", "T", -1765, -585, 270],
		[72, "U7", "T", -1160, -545, 180],
		[73, "USB3", "T", -1910, 55, 270],
		[74, "VL53L1X2", "B", -855, -170, 270],
		[75, "PAD1", "T", -425.788, -834.997, 0],
		[76, "PAD1", "B", -425.788, -834.997, 0],
		[77, "PAD2", "T", -524.218, -834.997, 0],
		[78, "PAD2", "B", -524.218, -834.997, 0],
		[79, "PAD3", "T", -1608.98, 515, 0],
		[80, "PAD4", "T", -1781.02, 515, 0],
		[81, "PAD5", "T", -389.212, 369.997, 0],
		[82, "PAD5", "B", -389.212, 369.997, 0],
		[83, "PAD6", "T", -290.782, 369.997, 0],
		[84, "PAD6", "B", -290.782, 369.997, 0],
		[85, "PAD7", "T", -100.021, -420, 0],
		[86, "PAD8", "T", -142.941, -420, 0],
		[87, "PAD9", "B", -42.4995, -754.9435, 0],
		[88, "PAD10", "B", -42.4995, -810.0635, 0],
		[89, "PAD11", "B", 22.5005, -754.9435, 0],
		[90, "PAD12", "B", 22.5005, -810.0635, 0],
		[91, "PAD13", "T", -638.537, -388.394, 0],
		[92, "PAD14", "T", -638.537, -443.514, 0],
		[93, "PAD15", "T", -705, -172.56, 0],
		[94, "PAD16", "T", -705, -117.44, 0],
		[95, "PAD17", "T", -497.44, -65, 0],
		[96, "PAD18", "T", -552.56, -65, 0],
		[97, "PAD19", "T", -805, -257.44, 0],
		[98, "PAD20", "T", -805, -312.56, 0],
		[99, "PAD21", "T", -870, -257.44, 0],
		[100, "PAD22", "T", -870, -312.56, 0],
		[101, "PAD23", "T", -962.44, -760, 0],
		[102, "PAD24", "T", -1017.56, -760, 0],
		[103, "PAD25", "T", -280, -952.44, 0],
		[104, "PAD26", "T", -280, -1007.56, 0],
		[105, "PAD27", "T", -417.56, 280, 0],
		[106, "PAD28", "T", -362.44, 280, 0],
		[107, "PAD29", "T", -1646.061, -696.641, 0],
		[108, "PAD30", "T", -1646.061, -571.241, 0],
		[109, "PAD31", "T", -902.56, 280, 0],
		[110, "PAD32", "T", -847.44, 280, 0],
		[111, "PAD33", "T", -1036.165, -680, 0],
		[112, "PAD34", "T", -943.835, -680, 0],
		[113, "PAD35", "T", -280, -798.835, 0],
		[114, "PAD36", "T", -280, -891.165, 0],
		[115, "PAD37", "T", -343.835, 210, 0],
		[116, "PAD38", "T", -436.165, 210, 0],
		[117, "PAD39", "T", -833.835, 205, 0],
		[118, "PAD40", "T", -926.165, 205, 0],
		[119, "PAD41", "B", 39.5, -634.3, 0],
		[120, "PAD42", "B", -10.5, -634.3, 0],
		[121, "PAD43", "B", -60.5, -634.3, 0],
		[122, "PAD44", "B", -310.5, -634.3, 0],
		[123, "PAD45", "B", -360.5, -634.3, 0],
		[124, "PAD46", "B", -410.5, -634.3, 0],
		[125, "PAD47", "B", -510.5, -634.3, 0],
		[126, "PAD48", "B", -669.5, -55, 0],
		[127, "PAD49", "B", -610.5, 74.3, 0],
		[128, "PAD50", "B", -560.5, 74.3, 0],
		[129, "PAD51", "B", -510.5, 74.3, 0],
		[130, "PAD52", "B", -460.5, 74.3, 0],
		[131, "PAD53", "B", -410.5, 74.3, 0],
		[132, "PAD54", "B", -360.5, 74.3, 0],
		[133, "PAD55", "B", -310.5, 74.3, 0],
		[134, "PAD56", "B", -210.5, 74.3, 0],
		[135, "PAD57", "B", -160.5, 74.3, 0],
		[136, "PAD58", "B", -110.5, 74.3, 0],
		[137, "PAD59", "B", -60.5, 74.3, 0],
		[138, "PAD60", "B", 39.5, 74.3, 0],
		[139, "PAD61", "B", -255.5, -319.4, 0],
		[140, "PAD62", "T", -475.3, -288.349, 0],
		[141, "PAD63", "T", -524.51, -160.399, 0],
		[142, "PAD64", "T", -544.2, -160.399, 0],
		[143, "PAD65", "T", -563.88, -160.399, 0],
		[144, "PAD66", "T", -583.57, -160.399, 0],
		[145, "PAD67", "T", -603.25, -160.399, 0],
		[146, "PAD68", "T", -632.78, -189.929, 0],
		[147, "PAD69", "T", -632.78, -288.039, 0],
		[148, "PAD70", "T", -583.57, -317.879, 0],
		[149, "PAD71", "T", -524.51, -317.879, 0],
		[150, "PAD72", "T", -504.83, -317.879, 0],
		[151, "PAD73", "T", -1480.565, 257.065, 0],
		[152, "PAD74", "T", -1543.515, 257.055, 0],
		[153, "PAD75", "T", -1883.525, -209.995, 0],
		[154, "PAD76", "T", -1946.475, -210.005, 0],
		[155, "PAD77", "T", -1375.63, 477.6, 0],
		[156, "PAD78", "T", -1375.63, 552.4, 0],
		[157, "PAD79", "T", -1454.37, 515, 0],
		[158, "PAD80", "T", -1372.6, 399.37, 0],
		[159, "PAD81", "T", -1447.4, 399.37, 0],
		[160, "PAD82", "T", -1410, 320.63, 0],
		[161, "PAD83", "T", -1514.724, -422.598, 0],
		[162, "PAD84", "T", -1605.276, -459.998, 0],
		[163, "PAD85", "T", -1514.724, -497.402, 0],
		[164, "PAD86", "T", -1359.37, -867.6, 0],
		[165, "PAD87", "T", -1359.37, -942.4, 0],
		[166, "PAD88", "T", -1280.63, -905, 0],
		[167, "PAD89", "T", -125.63, -1032.4, 0],
		[168, "PAD90", "T", -125.63, -957.6, 0],
		[169, "PAD91", "T", -204.37, -995, 0],
		[170, "PAD92", "T", -55.63, 342.6, 0],
		[171, "PAD93", "T", -55.63, 417.4, 0],
		[172, "PAD94", "T", -134.37, 380, 0],
		[173, "PAD95", "T", -685.63, 167.6, 0],
		[174, "PAD96", "T", -685.63, 242.4, 0],
		[175, "PAD97", "T", -764.37, 205, 0],
		[176, "PAD98", "T", -1285, 285.34, 0],
		[177, "PAD99", "T", -1285, 344.66, 0],
		[178, "PAD100", "T", -1220, 354.66, 0],
		[179, "PAD101", "T", -1220, 295.34, 0],
		[180, "PAD102", "T", -101.821, -470, 0],
		[181, "PAD103", "T", -161.141, -470, 0],
		[182, "PAD104", "T", -1910, -369.66, 0],
		[183, "PAD105", "T", -1910, -310.34, 0],
		[184, "PAD106", "T", -1849.9097, -308.9363, 0],
		[185, "PAD107", "T", -1849.9097, -368.2563, 0],
		[186, "PAD108", "T", -1791.6127, -366.9993, 0],
		[187, "PAD109", "T", -1791.6127, -307.6793, 0],
		[188, "PAD110", "T", -1540, 320.34, 0],
		[189, "PAD111", "T", -1540, 379.66, 0],
		[190, "PAD112", "T", -1540, 514.66, 0],
		[191, "PAD113", "T", -1540, 455.34, 0],
		[192, "PAD114", "T", -1415.34, 195, 0],
		[193, "PAD115", "T", -1474.66, 195, 0],
		[194, "PAD116", "T", -1765.34, -210, 0],
		[195, "PAD117", "T", -1824.66, -210, 0],
		[196, "PAD118", "T", 20, 345.63, 0],
		[197, "PAD119", "T", 20, 424.37, 0],
		[198, "PAD120", "T", -575, -385.34, 0],
		[199, "PAD121", "T", -575, -444.66, 0],
		[200, "PAD122", "T", -515, -385.34, 0],
		[201, "PAD123", "T", -515, -444.66, 0],
		[202, "PAD124", "T", -370.34, -70, 0],
		[203, "PAD125", "T", -429.66, -70, 0],
		[204, "PAD126", "T", -644.66, 330, 0],
		[205, "PAD127", "T", -585.34, 330, 0],
		[206, "PAD128", "T", -130.34, -875, 0],
		[207, "PAD129", "T", -189.66, -875, 0],
		[208, "PAD130", "T", -884.66, 45, 0],
		[209, "PAD131", "T", -825.34, 45, 0],
		[210, "PAD132", "T", -975.34, -145, 0],
		[211, "PAD133", "T", -1034.66, -145, 0],
		[212, "PAD134", "T", -975.34, -200, 0],
		[213, "PAD135", "T", -1034.66, -200, 0],
		[214, "PAD136", "T", -1520, -860.34, 0],
		[215, "PAD137", "T", -1520, -919.66, 0],
		[216, "PAD138", "T", 34.66, 275, 0],
		[217, "PAD139", "T", -24.66, 275, 0],
		[218, "PAD140", "T", -1450, -865.63, 0],
		[219, "PAD141", "T", -1450, -944.37, 0],
		[220, "PAD142", "T", -54.9465, -877.5775, 0],
		[221, "PAD143", "T", -54.9465, -956.3175, 0],
		[222, "PAD144", "T", -590, 170.63, 0],
		[223, "PAD145", "T", -590, 249.37, 0],
		[224, "PAD146", "T", -1608.98, 320, 0],
		[225, "PAD147", "T", -1781.02, 320, 0],
		[226, "PAD148", "T", -945.788, -834.997, 0],
		[227, "PAD148", "B", -945.788, -834.997, 0],
		[228, "PAD149", "T", -1044.218, -834.997, 0],
		[229, "PAD149", "B", -1044.218, -834.997, 0],
		[230, "PAD150", "T", -924.212, 369.997, 0],
		[231, "PAD150", "B", -924.212, 369.997, 0],
		[232, "PAD151", "T", -825.782, 369.997, 0],
		[233, "PAD151", "B", -825.782, 369.997, 0],
		[234, "PAD152", "T", -1515, -148.09, 0],
		[235, "PAD153", "T", -1465, -148.09, 0],
		[236, "PAD154", "T", -1415, -148.09, 0],
		[237, "PAD155", "T", -1315, -148.09, 0],
		[238, "PAD156", "T", -1265, -148.09, 0],
		[239, "PAD157", "T", -1515, 78.09, 0],
		[240, "PAD158", "T", -1415, 78.09, 0],
		[241, "PAD159", "T", -1365, 78.09, 0],
		[242, "PAD160", "T", -1650, -282.66, 0],
		[243, "PAD161", "T", -1485.32, -282.66, 0],
		[244, "PAD162", "T", -1764.997, -634.212, 0],
		[245, "PAD162", "B", -1764.997, -634.212, 0],
		[246, "PAD163", "T", -1764.997, -535.782, 0],
		[247, "PAD163", "B", -1764.997, -535.782, 0],
		[248, "PAD164", "T", -1847.01, 4.23, 0],
		[249, "PAD165", "T", -1847.01, 55.41, 0],
		[250, "PAD166", "T", -1847.01, 81, 0],
		[251, "PAD167", "T", -1847.01, 106.59, 0],
		[252, "PAD168", "B", -855.005, -232.99, 0],
		[253, "PAD169", "B", -886.495, -232.99, 0],
		[254, "PAD170", "B", -886.495, -201.49, 0],
		[255, "PAD171", "B", -886.495, -170, 0],
		[256, "PAD172", "B", -855.005, -107.01, 0],
		[257, "PAD173", "B", -823.505, -107.01, 0],
		[258, "PAD174", "B", -823.505, -138.5, 0],
		[259, "PAD175", "B", -823.505, -170, 0],
		[260, "PAD176", "B", -823.505, -201.49, 0],
		[261, "PAD177", "B", -823.505, -232.99, 0],
		[262, "PAD178", "T", -1045, -417.44, 0],
		[263, "PAD179", "T", -989.88, -417.44, 0],
		[264, "PAD180", "T", -1260, -737.44, 0],
		[265, "PAD181", "T", -1260, -792.56, 0],
		[266, "PAD182", "T", -1276.927, -454.45, 0],
		[267, "PAD183", "T", -1276.927, -635.55, 0],
		[268, "PAD184", "T", -1043.072, -545, 0],
		[269, "PAD185", "T", -870, -732.56, 0],
		[270, "PAD186", "T", -870, -677.44, 0],
		[271, "PAD187", "T", -1965, 466.35, 0],
		[272, "PAD188", "T", -1965, 549.05, 0],
		[273, "PAD189", "T", -1465, -588.39, 0],
		[274, "PAD190", "T", -1465, -761.61, 0],
		[275, "PAD191", "T", -1965, 368.65, 0],
		[276, "PAD192", "T", -1965, 285.95, 0],
		[277, "PAD193", "T", -1864.41, 335.246, 0],
		[278, "PAD194", "T", -1864.41, 275.926, 0],
		[279, "PAD195", "T", -1860, 420.34, 0],
		[280, "PAD196", "T", -1860, 479.66, 0],
		[281, "PAD197", "T", -1390, -375.34, 0],
		[282, "PAD198", "T", -1390, -434.66, 0],
		[283, "PAD199", "T", -1969.32, -368.703, 0],
		[284, "PAD200", "T", -1969.32, -313.583, 0]
	]
},
"pins": {
	"fields": ["PIN_NO", "PIN_NAME", "PIN_X", "PIN_Y", "LAYER", "PIN_TYPE", "NET_NAME", "NET_TYPE", "PAD_SHAPE", "PAD_SIZEX", "PAD_SIZEY", "HOLE_SIZE", "HOLE_LEN", "PAD_ANGLE"],
	"rows": [
		[1, "BL_M2_1", -524.218, -834.997, "T", "DIP", "$2N1035", "", "R", 59.055, 59.055, 35.434, 35.434, 0],
		[2, "BL_M2_1", -524.218, -834.997, "B", "DIP", "$2N1035", "", "R", 59.055, 59.055, 35.434, 35.434, 0],
		[3, "BL_M2_2", -425.788, -834.997, "T", "DIP", "BATT", "", "C", 59.055, 59.055, 35.434, 35.434, 0],
		[4, "BL_M2_2", -425.788, -834.997, "B", "DIP", "BATT", "", "C", 59.055, 59.055, 35.434, 35.434, 0],
		[5, "BOOT_1", -1608.98, 515, "T", "SMD", "IO0", "", "R", 48.425, 53.543, 0, 0, 180],
		[6, "BOOT_2", -1781.02, 515, "T", "SMD", "GND", "GND", "R", 48.425, 53.543, 0, 0, 180],
		[7, "BR_M3_1", -290.782, 369.997, "T", "DIP", "$2N1018", "", "R", 59.055, 59.055, 35.434, 35.434, 180],
		[8, "BR_M3_1", -290.782, 369.997, "B", "DIP", "$2N1018", "", "R", 59.055, 59.055, 35.434, 35.434, 180],
		[9, "BR_M3_2", -389.212, 369.997, "T", "DIP", "BATT", "", "C", 59.055, 59.055, 35.434, 35.434, 180],
		[10, "BR_M3_2", -389.212, 369.997, "B", "DIP", "BATT", "", "C", 59.055, 59.055, 35.434, 35.434, 180],
		[11, "C8_1", -142.941, -420, "T", "SMD", "GND", "GND", "R", 31.106, 21.26, 0, 0, 0],
		[12, "C8_2", -100.021, -420, "T", "SMD", "EN", "", "R", 31.106, 21.26, 0, 0, 0],
		[13, "C9_1", -42.4995, -810.0635, "B", "SMD", "GND", "GND", "R", 31.496, 35.433, 0, 0, 90],
		[14, "C9_2", -42.4995, -754.9435, "B", "SMD", "VCC", "", "R", 31.496, 35.433, 0, 0, 90],
		[15, "C10_1", 22.5005, -810.0635, "B", "SMD", "GND", "GND", "R", 31.496, 35.433, 0, 0, 90],
		[16, "C10_2", 22.5005, -754.9435, "B", "SMD", "VCC", "", "R", 31.496, 35.433, 0, 0, 90],
		[17, "C12_1", -638.537, -443.514, "T", "SMD", "GND", "GND", "R", 31.496, 35.433, 0, 0, 90],
		[18, "C12_2", -638.537, -388.394, "T", "SMD", "$1N8815", "", "R", 31.496, 35.433, 0, 0, 90],
		[19, "C13_1", -705, -117.44, "T", "SMD", "GND", "GND", "R", 31.496, 35.433, 0, 0, 270],
		[20, "C13_2", -705, -172.56, "T", "SMD", "VCC", "", "R", 31.496, 35.433, 0, 0, 270],
		[21, "C14_1", -552.56, -65, "T", "SMD", "GND", "GND", "R", 31.496, 35.433, 0, 0, 0],
		[22, "C14_2", -497.44, -65, "T", "SMD", "$1N8818", "", "R", 31.496, 35.433, 0, 0, 0],
		[23, "C15_1", -805, -312.56, "T", "SMD", "GND", "GND", "R", 31.496, 35.433, 0, 0, 90],
		[24, "C15_2", -805, -257.44, "T", "SMD", "VCC", "", "R", 31.496, 35.433, 0, 0, 90],
		[25, "C16_1", -870, -312.56, "T", "SMD", "GND", "GND", "R", 31.496, 35.433, 0, 0, 90],
		[26, "C16_2", -870, -257.44, "T", "SMD", "VCC", "", "R", 31.496, 35.433, 0, 0, 90],
		[27, "C18_1", -1017.56, -760, "T", "SMD", "$2N1036", "", "R", 31.496, 35.433, 0, 0, 0],
		[28, "C18_2", -962.44, -760, "T", "SMD", "BATT", "", "R", 31.496, 35.433, 0, 0, 0],
		[29, "C20_1", -280, -1007.56, "T", "SMD", "$2N1035", "", "R", 31.496, 35.433, 0, 0, 90],
		[30, "C20_2", -280, -952.44, "T", "SMD", "BATT", "", "R", 31.496, 35.433, 0, 0, 90],
		[31, "C21_1", -362.44, 280, "T", "SMD", "$2N1018", "", "R", 31.496, 35.433, 0, 0, 180],
		[32, "C21_2", -417.56, 280, "T", "SMD", "BATT", "", "R", 31.496, 35.433, 0, 0, 180],
		[33, "C23_1", -1646.061, -571.241, "T", "SMD", "BATT", "", "R", 58.465, 68.031, 0, 0, 270],
		[34, "C23_2", -1646.061, -696.641, "T", "SMD", "GND", "GND", "R", 58.465, 68.031, 0, 0, 270],
		[35, "C24_1", -847.44, 280, "T", "SMD", "$2N1014", "", "R", 31.496, 35.433, 0, 0, 180],
		[36, "C24_2", -902.56, 280, "T", "SMD", "BATT", "", "R", 31.496, 35.433, 0, 0, 180],
		[37, "C73_1", -989.88, -417.44, "T", "SMD", "GND", "GND", "R", 31.496, 35.433, 0, 0, 180],
		[38, "C73_2", -1045, -417.44, "T", "SMD", "VCC", "", "R", 31.496, 35.433, 0, 0, 180],
		[39, "C74_1", -1260, -792.56, "T", "SMD", "GND", "GND", "R", 31.496, 35.433, 0, 0, 90],
		[40, "C74_2", -1260, -737.44, "T", "SMD", "$1N10101", "", "R", 31.496, 35.433, 0, 0, 90],
		[41, "C75_1", -870, -677.44, "T", "SMD", "VCC", "", "R", 31.496, 35.433, 0, 0, 270],
		[42, "C75_2", -870, -732.56, "T", "SMD", "GND", "GND", "R", 31.496, 35.433, 0, 0, 270],
		[43, "C76_1", -1969.32, -313.583, "T", "SMD", "GND", "GND", "R", 31.496, 35.433, 0, 0, 270],
		[44, "C76_2", -1969.32, -368.703, "T", "SMD", "$1N7036", "", "R", 31.496, 35.433, 0, 0, 270],
		[45, "CN_1", -1965, 549.05, "T", "SMD", "$2N3135", "", "R", 39.37, 55.1, 0, 0, 270],
		[46, "CN_2", -1965, 466.35, "T", "SMD", "GND", "GND", "R", 39.37, 55.1, 0, 0, 270],
		[47, "D5_1", -943.835, -680, "T", "SMD", "BATT", "", "R", 39.37, 29.528, 0, 0, 180],
		[48, "D5_2", -1036.165, -680, "T", "SMD", "$2N1036", "", "R", 39.37, 29.528, 0, 0, 180],
		[49, "D6_1", -280, -891.165, "T", "SMD", "BATT", "", "R", 39.37, 29.528, 0, 0, 90],
		[50, "D6_2", -280, -798.835, "T", "SMD", "$2N1035", "", "R", 39.37, 29.528, 0, 0, 90],
		[51, "D7_1", -436.165, 210, "T", "SMD", "BATT", "", "R", 39.37, 29.528, 0, 0, 0],
		[52, "D7_2", -343.835, 210, "T", "SMD", "$2N1018", "", "R", 39.37, 29.528, 0, 0, 0],
		[53, "D8_1", -926.165, 205, "T", "SMD", "BATT", "", "R", 39.37, 29.528, 0, 0, 0],
		[54, "D8_2", -833.835, 205, "T", "SMD", "$2N1014", "", "R", 39.37, 29.528, 0, 0, 0],
		[55, "D9_1", -1465, -761.61, "T", "SMD", "$1N10101", "", "R", 78.74, 78.74, 0, 0, 270],
		[56, "D9_2", -1465, -588.39, "T", "SMD", "+5V", "", "R", 78.74, 78.74, 0, 0, 270],
		[57, "ESP32_WROOM_1_1", 39.5, -634.3, "B", "SMD", "GND", "GND", "R", 39.4, 65, 0, 0, 180],
		[58, "ESP32_WROOM_1_2", -10.5, -634.3, "B", "SMD", "VCC", "", "R", 39.4, 65, 0, 0, 180],
		[59, "ESP32_WROOM_1_3", -60.5, -634.3, "B", "SMD", "EN", "", "R", 39.4, 65, 0, 0, 180],
		[60, "ESP32_WROOM_1_4", -110.5, -634.3, "B", "SMD", "NET_1", "", "R", 39.4, 65, 0, 0, 180],
		[61, "ESP32_WROOM_1_5", -160.5, -634.3, "B", "SMD", "NET_2", "", "R", 39.4, 65, 0, 0, 180],
		[62, "ESP32_WROOM_1_6", -210.5, -634.3, "B", "SMD", "NET_3", "", "R", 39.4, 65, 0, 0, 180],
		[63, "ESP32_WROOM_1_7", -260.5, -634.3, "B", "SMD", "NET_4", "", "R", 39.4, 65, 0, 0, 180],
		[64, "ESP32_WROOM_1_8", -310.5, -634.3, "B", "SMD", "MOTOR3", "", "R", 39.4, 65, 0, 0, 180],
		[65, "ESP32_WROOM_1_9", -360.5, -634.3, "B", "SMD", "MOTOR2", "", "R", 39.4, 65, 0, 0, 180],
		[66, "ESP32_WROOM_1_10", -410.5, -634.3, "B", "SMD", "MOTOR4", "", "R", 39.4, 65, 0, 0, 180],
		[67, "ESP32_WROOM_1_11", -460.5, -634.3, "B", "SMD", "NET_5", "", "R", 39.4, 65, 0, 0, 180],
		[68, "ESP32_WROOM_1_12", -510.5, -634.3, "B", "SMD", "$1N7036", "", "R", 39.4, 65, 0, 0, 180],
		[69, "ESP32_WROOM_1_13", -560.5, -634.3, "B", "SMD", "NET_6", "", "R", 39.4, 65, 0, 0, 180],
		[70, "ESP32_WROOM_1_14", -610.5, -634.3, "B", "SMD", "NET_7", "", "R", 39.4, 65, 0, 0, 180],
		[71, "ESP32_WROOM_1_15", -669.5, -505, "B", "SMD", "NET_8", "", "R", 65, 39.4, 0, 0, 180],
		[72, "ESP32_WROOM_1_16", -669.5, -455, "B", "SMD", "NET_9", "", "R", 65, 39.4, 0, 0, 180],
		[73, "ESP32_WROOM_1_17", -669.5, -405, "B", "SMD", "NET_10", "", "R", 65, 39.4, 0, 0, 180],
		[74, "ESP32_WROOM_1_18", -669.5, -355, "B", "SMD", "NET_11", "", "R", 65, 39.4, 0, 0, 180],
		[75, "ESP32_WROOM_1_19", -669.5, -305, "B", "SMD", "NET_12", "", "R", 65, 39.4, 0, 0, 180],
		[76, "ESP32_WROOM_1_20", -669.5, -255, "B", "SMD", "NET_13", "", "R", 65, 39.4, 0, 0, 180],
		[77, "ESP32_WROOM_1_21", -669.5, -205, "B", "SMD", "NET_14", "", "R", 65, 39.4, 0, 0, 180],
		[78, "ESP32_WROOM_1_22", -669.5, -155, "B", "SMD", "NET_15", "", "R", 65, 39.4, 0, 0, 180],
		[79, "ESP32_WROOM_1_23", -669.5, -105, "B", "SMD", "NET_16", "", "R", 65, 39.4, 0, 0, 180],
		[80, "ESP32_WROOM_1_24", -669.5, -55, "B", "SMD", "IO2", "", "R", 65, 39.4, 0, 0, 180],
		[81, "ESP32_WROOM_1_25", -610.5, 74.3, "B", "SMD", "IO0", "", "R", 39.4, 65, 0, 0, 180],
		[82, "ESP32_WROOM_1_26", -560.5, 74.3, "B", "SMD", "MOTOR1", "", "R", 39.4, 65, 0, 0, 180],
		[83, "ESP32_WROOM_1_27", -510.5, 74.3, "B", "SMD", "I2C-SDA", "", "R", 39.4, 65, 0, 0, 180],
		[84, "ESP32_WROOM_1_28", -460.5, 74.3, "B", "SMD", "I2C-SCL", "", "R", 39.4, 65, 0, 0, 180],
		[85, "ESP32_WROOM_1_29", -410.5, 74.3, "B", "SMD", "NET_17", "", "R", 39.4, 65, 0, 0, 180],
		[86, "ESP32_WROOM_1_30", -360.5, 74.3, "B", "SMD", "NET_18", "", "R", 39.4, 65, 0, 0, 180],
		[87, "ESP32_WROOM_1_31", -310.5, 74.3, "B", "SMD", "MPU-INT", "", "R", 39.4, 65, 0, 0, 180],
		[88, "ESP32_WROOM_1_32", -260.5, 74.3, "B", "SMD", "NET_19", "", "R", 39.4, 65, 0, 0, 180],
		[89, "ESP32_WROOM_1_33", -210.5, 74.3, "B", "SMD", "MPU-SDA", "", "R", 39.4, 65, 0, 0, 180],
		[90, "ESP32_WROOM_1_34", -160.5, 74.3, "B", "SMD", "U0RX", "", "R", 39.4, 65, 0, 0, 180],
		[91, "ESP32_WROOM_1_35", -110.5, 74.3, "B", "SMD", "U0TX", "", "R", 39.4, 65, 0, 0, 180],
		[92, "ESP32_WROOM_1_36", -60.5, 74.3, "B", "SMD", "MPU-SCL", "", "R", 39.4, 65, 0, 0, 180],
		[93, "ESP32_WROOM_1_37", -10.5, 74.3, "B", "SMD", "NET_20", "", "R", 39.4, 65, 0, 0, 180],
		[94, "ESP32_WROOM_1_38", 39.5, 74.3, "B", "SMD", "GND", "GND", "R", 39.4, 65, 0, 0, 180],
		[95, "ESP32_WROOM_1_39", -255.5, -319.4, "B", "SMD", "GND", "GND", "R", 196.9, 196.9, 0, 0, 270],
		[96, "LED1_1", -1965, 285.95, "T", "SMD", "$2N3141", "", "R", 39.37, 55.1, 0, 0, 90],
		[97, "LED1_2", -1965, 368.65, "T", "SMD", "GND", "GND", "R", 39.37, 55.1, 0, 0, 90],
		[98, "MPU-1_1", -475.3, -288.349, "T", "SMD", "GND", "GND", "O", 11.024, 31.496, 0, 0, 90],
		[99, "MPU-1_2", -475.3, -268.669, "T", "SMD", "NET_21", "", "O", 11.024, 31.496, 0, 0, 90],
		[100, "MPU-1_3", -475.3, -248.979, "T", "SMD", "NET_22", "", "O", 11.024, 31.496, 0, 0, 90],
		[101, "MPU-1_4", -475.3, -229.299, "T", "SMD", "NET_23", "", "O", 11.024, 31.496, 0, 0, 90],
		[102, "MPU-1_5", -475.3, -209.609, "T", "SMD", "NET_24", "", "O", 11.024, 31.496, 0, 0, 90],
		[103, "MPU-1_6", -475.3, -189.929, "T", "SMD", "NET_25", "", "O", 11.024, 31.496, 0, 0, 90],
		[104, "MPU-1_7", -504.83, -160.399, "T", "SMD", "NET_26", "", "O", 31.496, 11.024, 0, 0, 90],
		[105, "MPU-1_8", -524.51, -160.399, "T", "SMD", "VCC", "", "O", 31.496, 11.024, 0, 0, 90],
		[106, "MPU-1_9", -544.2, -160.399, "T", "SMD", "$1N8820", "", "O", 31.496, 11.024, 0, 0, 90],
		[107, "MPU-1_10", -563.88, -160.399, "T", "SMD", "$1N8818", "", "O", 31.496, 11.024, 0, 0, 90],
		[108, "MPU-1_11", -583.57, -160.399, "T", "SMD", "GND", "GND", "O", 31.496, 11.024, 0, 0, 90],
		[109, "MPU-1_12", -603.25, -160.399, "T", "SMD", "MPU-INT", "", "O", 31.496, 11.024, 0, 0, 90],
		[110, "MPU-1_13", -632.78, -189.929, "T", "SMD", "VCC", "", "O", 11.024, 31.496, 0, 0, 90],
		[111, "MPU-1_14", -632.78, -209.609, "T", "SMD", "NET_27", "", "O", 11.024, 31.496, 0, 0, 90],
		[112, "MPU-1_15", -632.78, -229.299, "T", "SMD", "NET_28", "", "O", 11.024, 31.496, 0, 0, 90],
		[113, "MPU-1_16", -632.78, -248.979, "T", "SMD", "NET_29", "", "O", 11.024, 31.496, 0, 0, 90],
		[114, "MPU-1_17", -632.78, -268.669, "T", "SMD", "NET_30", "", "O", 11.024, 31.496, 0, 0, 90],
		[115, "MPU-1_18", -632.78, -288.039, "T", "SMD", "GND", "GND", "O", 11.024, 31.496, 0, 0, 90],
		[116, "MPU-1_19", -603.25, -317.879, "T", "SMD", "NET_31", "", "O", 31.496, 11.024, 0, 0, 90],
		[117, "MPU-1_20", -583.57, -317.879, "T", "SMD", "$1N8815", "", "O", 31.496, 11.024, 0, 0, 90],
		[118, "MPU-1_21", -563.88, -317.879, "T", "SMD", "NET_32", "", "O", 31.496, 11.024, 0, 0, 90],
		[119, "MPU-1_22", -544.2, -317.879, "T", "SMD", "NET_33", "", "O", 31.496, 11.024, 0, 0, 90],
		[120, "MPU-1_23", -524.51, -317.879, "T", "SMD", "MPU-SCL", "", "O", 31.496, 11.024, 0, 0, 90],
		[121, "MPU-1_24", -504.83, -317.879, "T", "SMD", "MPU-SDA", "", "O", 31.496, 11.024, 0, 0, 90],
		[122, "MPU-1_25", -554.04, -238.649, "T", "SMD", "NET_34", "", "R", 106.299, 106.299, 0, 0, 90],
		[123, "ON_1", -1543.515, 257.055, "T", "SMD", "EN", "", "R", 31.496, 31.496, 0, 0, 90],
		[124, "ON_2", -1480.565, 257.065, "T", "SMD", "$1N8261", "", "R", 31.496, 31.496, 0, 0, 90],
		[125, "ON1_1", -1946.475, -210.005, "T", "SMD", "GND", "GND", "R", 31.496, 31.496, 0, 0, 90],
		[126, "ON1_2", -1883.525, -209.995, "T", "SMD", "$1N8358", "", "R", 31.496, 31.496, 0, 0, 90],
		[127, "Q1_1", -1375.63, 477.6, "T", "SMD", "$1N1287", "", "R", 49.213, 27.559, 0, 0, 0],
		[128, "Q1_2", -1375.63, 552.4, "T", "SMD", "$1N1302", "", "R", 49.213, 27.559, 0, 0, 0],
		[129, "Q1_3", -1454.37, 515, "T", "SMD", "IO0", "", "R", 49.213, 27.559, 0, 0, 0],
		[130, "Q2_1", -1372.6, 399.37, "T", "SMD", "$1N1296", "", "R", 49.213, 27.559, 0, 0, 90],
		[131, "Q2_2", -1447.4, 399.37, "T", "SMD", "$1N1036", "", "R", 49.213, 27.559, 0, 0, 90],
		[132, "Q2_3", -1410, 320.63, "T", "SMD", "EN", "", "R", 49.213, 27.559, 0, 0, 90],
		[133, "Q6_1", -1514.724, -497.402, "T", "SMD", "+5V", "", "R", 39.37, 31.496, 0, 0, 180],
		[134, "Q6_2", -1514.724, -422.598, "T", "SMD", "$1N10101", "", "R", 39.37, 31.496, 0, 0, 180],
		[135, "Q6_3", -1605.276, -459.998, "T", "SMD", "BATT", "", "R", 39.37, 31.496, 0, 0, 180],
		[136, "Q9_1", -1359.37, -867.6, "T", "SMD", "$2N1026", "", "R", 49.213, 27.559, 0, 0, 180],
		[137, "Q9_2", -1359.37, -942.4, "T", "SMD", "GND", "GND", "R", 49.213, 27.559, 0, 0, 180],
		[138, "Q9_3", -1280.63, -905, "T", "SMD", "$2N1036", "", "R", 49.213, 27.559, 0, 0, 180],
		[139, "Q10_1", -125.63, -1032.4, "T", "SMD", "$2N1032", "", "R", 49.213, 27.559, 0, 0, 0],
		[140, "Q10_2", -125.63, -957.6, "T", "SMD", "GND", "GND", "R", 49.213, 27.559, 0, 0, 0],
		[141, "Q10_3", -204.37, -995, "T", "SMD", "$2N1035", "", "R", 49.213, 27.559, 0, 0, 0],
		[142, "Q11_1", -55.63, 342.6, "T", "SMD", "$2N1020", "", "R", 49.213, 27.559, 0, 0, 0],
		[143, "Q11_2", -55.63, 417.4, "T", "SMD", "GND", "GND", "R", 49.213, 27.559, 0, 0, 0],
		[144, "Q11_3", -134.37, 380, "T", "SMD", "$2N1018", "", "R", 49.213, 27.559, 0, 0, 0],
		[145, "Q12_1", -685.63, 167.6, "T", "SMD", "$2N1016", "", "R", 49.213, 27.559, 0, 0, 0],
		[146, "Q12_2", -685.63, 242.4, "T", "SMD", "GND", "GND", "R", 49.213, 27.559, 0, 0, 0],
		[147, "Q12_3", -764.37, 205, "T", "SMD", "$2N1014", "", "R", 49.213, 27.559, 0, 0, 0],
		[148, "R1_1", -1285, 344.66, "T", "SMD", "$1N1287", "", "R", 31.751, 34.016, 0, 0, 270],
		[149, "R1_2", -1285, 285.34, "T", "SMD", "$1N1036", "", "R", 31.751, 34.016, 0, 0, 270],
		[150, "R2_1", -1220, 295.34, "T", "SMD", "$1N1296", "", "R", 31.751, 34.016, 0, 0, 90],
		[151, "R2_2", -1220, 354.66, "T", "SMD", "$1N1302", "", "R", 31.751, 34.016, 0, 0, 90],
		[152, "R9_1", -161.141, -470, "T", "SMD", "VCC", "", "R", 31.751, 34.016, 0, 0, 0],
		[153, "R9_2", -101.821, -470, "T", "SMD", "EN", "", "R", 31.751, 34.016, 0, 0, 0],
		[154, "R10_1", -1910, -310.34, "T", "SMD", "GND", "GND", "R", 31.751, 34.016, 0, 0, 270],
		[155, "R10_2", -1910, -369.66, "T", "SMD", "$1N7036", "", "R", 31.751, 34.016, 0, 0, 270],
		[156, "R11_1", -1849.9097, -368.2563, "T", "SMD", "$1N7036", "", "R", 31.751, 34.016, 0, 0, 90],
		[157, "R11_2", -1849.9097, -308.9363, "T", "SMD", "$1N7419", "", "R", 31.751, 34.016, 0, 0, 90],
		[158, "R12_1", -1791.6127, -307.6793, "T", "SMD", "$1N7419", "", "R", 31.751, 34.016, 0, 0, 270],
		[159, "R12_2", -1791.6127, -366.9993, "T", "SMD", "BATT", "", "R", 31.751, 34.016, 0, 0, 270],
		[160, "R13_1", -1540, 379.66, "T", "SMD", "VCC", "", "R", 31.751, 34.016, 0, 0, 270],
		[161, "R13_2", -1540, 320.34, "T", "SMD", "EN", "", "R", 31.751, 34.016, 0, 0, 270],
		[162, "R14_1", -1540, 455.34, "T", "SMD", "VCC", "", "R", 31.751, 34.016, 0, 0, 90],
		[163, "R14_2", -1540, 514.66, "T", "SMD", "IO0", "", "R", 31.751, 34.016, 0, 0, 90],
		[164, "R16_1", -1474.66, 195, "T", "SMD", "$1N8261", "", "R", 31.751, 34.016, 0, 0, 0],
		[165, "R16_2", -1415.34, 195, "T", "SMD", "VCC", "", "R", 31.751, 34.016, 0, 0, 0],
		[166, "R17_1", -1824.66, -210, "T", "SMD", "$1N8358", "", "R", 31.751, 34.016, 0, 0, 0],
		[167, "R17_2", -1765.34, -210, "T", "SMD", "IO2", "", "R", 31.751, 34.016, 0, 0, 0],
		[168, "R18_1", 20, 424.37, "T", "SMD", "GND", "GND", "R", 44.588, 54.213, 0, 0, 270],
		[169, "R18_2", 20, 345.63, "T", "SMD", "$2N1020", "", "R", 44.588, 54.213, 0, 0, 270],
		[170, "R19_1", -575, -444.66, "T", "SMD", "VCC", "", "R", 31.751, 34.016, 0, 0, 90],
		[171, "R19_2", -575, -385.34, "T", "SMD", "MPU-SCL", "", "R", 31.751, 34.016, 0, 0, 90],
		[172, "R20_1", -515, -444.66, "T", "SMD", "VCC", "", "R", 31.751, 34.016, 0, 0, 90],
		[173, "R20_2", -515, -385.34, "T", "SMD", "MPU-SDA", "", "R", 31.751, 34.016, 0, 0, 90],
		[174, "R21_1", -429.66, -70, "T", "SMD", "$1N8820", "", "R", 31.751, 34.016, 0, 0, 0],
		[175, "R21_2", -370.34, -70, "T", "SMD", "GND", "GND", "R", 31.751, 34.016, 0, 0, 0],
		[176, "R23_1", -585.34, 330, "T", "SMD", "MOTOR1", "", "R", 31.751, 34.016, 0, 0, 180],
		[177, "R23_2", -644.66, 330, "T", "SMD", "$2N1016", "", "R", 31.751, 34.016, 0, 0, 180],
		[178, "R24_1", -189.66, -875, "T", "SMD", "MOTOR3", "", "R", 31.751, 34.016, 0, 0, 0],
		[179, "R24_2", -130.34, -875, "T", "SMD", "$2N1032", "", "R", 31.751, 34.016, 0, 0, 0],
		[180, "R25_1", -825.34, 45, "T", "SMD", "$1N9495", "", "R", 31.751, 34.016, 0, 0, 180],
		[181, "R25_2", -884.66, 45, "T", "SMD", "VCC", "", "R", 31.751, 34.016, 0, 0, 180],
		[182, "R26_1", -1034.66, -145, "T", "SMD", "VCC", "", "R", 31.751, 34.016, 0, 0, 0],
		[183, "R26_2", -975.34, -145, "T", "SMD", "I2C-SDA", "", "R", 31.751, 34.016, 0, 0, 0],
		[184, "R27_1", -1034.66, -200, "T", "SMD", "VCC", "", "R", 31.751, 34.016, 0, 0, 0],
		[185, "R27_2", -975.34, -200, "T", "SMD", "I2C-SCL", "", "R", 31.751, 34.016, 0, 0, 0],
		[186, "R30_1", -1520, -919.66, "T", "SMD", "MOTOR4", "", "R", 31.751, 34.016, 0, 0, 90],
		[187, "R30_2", -1520, -860.34, "T", "SMD", "$2N1026", "", "R", 31.751, 34.016, 0, 0, 90],
		[188, "R31_1", -24.66, 275, "T", "SMD", "MOTOR2", "", "R", 31.751, 34.016, 0, 0, 0],
		[189, "R31_2", 34.66, 275, "T", "SMD", "$2N1020", "", "R", 31.751, 34.016, 0, 0, 0],
		[190, "R32_1", -1450, -944.37, "T", "SMD", "GND", "GND", "R", 44.588, 54.213, 0, 0, 90],
		[191, "R32_2", -1450, -865.63, "T", "SMD", "$2N1026", "", "R", 44.588, 54.213, 0, 0, 90],
		[192, "R33_1", -54.9465, -956.3175, "T", "SMD", "GND", "GND", "R", 44.588, 54.213, 0, 0, 90],
		[193, "R33_2", -54.9465, -877.5775, "T", "SMD", "$2N1032", "", "R", 44.588, 54.213, 0, 0, 90],
		[194, "R34_1", -590, 249.37, "T", "SMD", "GND", "GND", "R", 44.588, 54.213, 0, 0, 270],
		[195, "R34_2", -590, 170.63, "T", "SMD", "$2N1016", "", "R", 44.588, 54.213, 0, 0, 270],
		[196, "R35_1", -1864.41, 275.926, "T", "SMD", "$2N3141", "", "R", 31.751, 34.016, 0, 0, 90],
		[197, "R35_2", -1864.41, 335.246, "T", "SMD", "NET_18", "", "R", 31.751, 34.016, 0, 0, 90],
		[198, "R36_1", -1860, 479.66, "T", "SMD", "$2N3135", "", "R", 31.751, 34.016, 0, 0, 270],
		[199, "R36_2", -1860, 420.34, "T", "SMD", "NET_17", "", "R", 31.751, 34.016, 0, 0, 270],
		[200, "R37_1", -1390, -434.66, "T", "SMD", "+5V", "", "R", 31.751, 34.016, 0, 0, 90],
		[201, "R37_2", -1390, -375.34, "T", "SMD", "GND", "GND", "R", 31.751, 34.016, 0, 0, 90],
		[202, "RST_1", -1608.98, 320, "T", "SMD", "EN", "", "R", 48.425, 53.543, 0, 0, 180],
		[203, "RST_2", -1781.02, 320, "T", "SMD", "GND", "GND", "R", 48.425, 53.543, 0, 0, 180],
		[204, "TL_M1_1", -1044.218, -834.997, "T", "DIP", "$2N1036", "", "R", 59.055, 59.055, 35.434, 35.434, 0],
		[205, "TL_M1_1", -1044.218, -834.997, "B", "DIP", "$2N1036", "", "R", 59.055, 59.055, 35.434, 35.434, 0],
		[206, "TL_M1_2", -945.788, -834.997, "T", "DIP", "BATT", "", "C", 59.055, 59.055, 35.434, 35.434, 0],
		[207, "TL_M1_2", -945.788, -834.997, "B", "DIP", "BATT", "", "C", 59.055, 59.055, 35.434, 35.434, 0],
		[208, "TR_M4_1", -825.782, 369.997, "T", "DIP", "$2N1014", "", "R", 59.055, 59.055, 35.434, 35.434, 180],
		[209, "TR_M4_1", -825.782, 369.997, "B", "DIP", "$2N1014", "", "R", 59.055, 59.055, 35.434, 35.434, 180],
		[210, "TR_M4_2", -924.212, 369.997, "T", "DIP", "BATT", "", "C", 59.055, 59.055, 35.434, 35.434, 180],
		[211, "TR_M4_2", -924.212, 369.997, "B", "DIP", "BATT", "", "C", 59.055, 59.055, 35.434, 35.434, 180],
		[212, "U2_1", -1515, -148.09, "T", "SMD", "GND", "GND", "O", 22.047, 68.701, 0, 0, 0],
		[213, "U2_2", -1465, -148.09, "T", "SMD", "U0TX", "", "O", 22.047, 68.701, 0, 0, 0],
		[214, "U2_3", -1415, -148.09, "T", "SMD", "U0RX", "", "O", 22.047, 68.701, 0, 0, 0],
		[215, "U2_4", -1365, -148.09, "T", "SMD", "NET_35", "", "O", 22.047, 68.701, 0, 0, 0],
		[216, "U2_5", -1315, -148.09, "T", "SMD", "D+NET", "", "O", 22.047, 68.701, 0, 0, 0],
		[217, "U2_6", -1265, -148.09, "T", "SMD", "D-NET", "", "O", 22.047, 68.701, 0, 0, 0],
		[218, "U2_7", -1215, -148.09, "T", "SMD", "NET_36", "", "O", 22.047, 68.701, 0, 0, 0],
		[219, "U2_8", -1165, -148.09, "T", "SMD", "NET_37", "", "O", 22.047, 68.701, 0, 0, 0],
		[220, "U2_9", -1165, 78.09, "T", "SMD", "NET_38", "", "O", 22.047, 68.701, 0, 0, 0],
		[221, "U2_10", -1215, 78.09, "T", "SMD", "NET_39", "", "O", 22.047, 68.701, 0, 0, 0],
		[222, "U2_11", -1265, 78.09, "T", "SMD", "NET_40", "", "O", 22.047, 68.701, 0, 0, 0],
		[223, "U2_12", -1315, 78.09, "T", "SMD", "NET_41", "", "O", 22.047, 68.701, 0, 0, 0],
		[224, "U2_13", -1365, 78.09, "T", "SMD", "$1N1302", "", "O", 22.047, 68.701, 0, 0, 0],
		[225, "U2_14", -1415, 78.09, "T", "SMD", "$1N1036", "", "O", 22.047, 68.701, 0, 0, 0],
		[226, "U2_15", -1465, 78.09, "T", "SMD", "NET_42", "", "O", 22.047, 68.701, 0, 0, 0],
		[227, "U2_16", -1515, 78.09, "T", "SMD", "VCC", "", "O", 22.047, 68.701, 0, 0, 0],
		[228, "U5_1", -1485.32, -282.66, "T", "SMD", "GND", "GND", "R", 70.866, 94.488, 0, 0, 180],
		[229, "U5_2", -1650, -282.66, "T", "SMD", "+5V", "", "R", 70.866, 94.488, 0, 0, 180],
		[230, "U6_1", -1764.997, -535.782, "T", "DIP", "BATT", "", "R", 59.055, 59.055, 35.434, 35.434, 270],
		[231, "U6_1", -1764.997, -535.782, "B", "DIP", "BATT", "", "R", 59.055, 59.055, 35.434, 35.434, 270],
		[232, "U6_2", -1764.997, -634.212, "T", "DIP", "GND", "GND", "C", 59.055, 59.055, 35.434, 35.434, 270],
		[233, "U6_2", -1764.997, -634.212, "B", "DIP", "GND", "GND", "C", 59.055, 59.055, 35.434, 35.434, 270],
		[234, "U7_1", -1276.927, -454.45, "T", "SMD", "GND", "GND", "R", 98.425, 43.307, 0, 0, 180],
		[235, "U7_2", -1276.927, -545, "T", "SMD", "NET_43", "", "R", 98.425, 43.307, 0, 0, 180],
		[236, "U7_3", -1276.927, -635.55, "T", "SMD", "$1N10101", "", "R", 98.425, 43.307, 0, 0, 180],
		[237, "U7_4", -1043.072, -545, "T", "SMD", "VCC", "", "R", 92.126, 141.732, 0, 0, 180],
		[238, "USB3_1", -1847.01, 106.59, "T", "SMD", "+5V", "", "R", 15.748, 62.992, 0, 0, 270],
		[239, "USB3_2", -1847.01, 81, "T", "SMD", "D-NET", "", "R", 15.748, 62.992, 0, 0, 270],
		[240, "USB3_3", -1847.01, 55.41, "T", "SMD", "D+NET", "", "R", 15.748, 62.992, 0, 0, 270],
		[241, "USB3_4", -1847.01, 29.82, "T", "SMD", "NET_44", "", "R", 15.748, 62.992, 0, 0, 270],
		[242, "USB3_5", -1847.01, 4.23, "T", "SMD", "GND", "GND", "R", 15.748, 62.992, 0, 0, 270],
		[243, "USB3_6", -1867.48, 150.47, "T", "DIP", "NET_45", "", "C", 49.213, 49.213, 27.56, 27.56, 270],
		[244, "USB3_6", -1867.48, 150.47, "B", "DIP", "NET_45", "", "C", 49.213, 49.213, 27.56, 27.56, 270],
		[245, "USB3_7", -1867.48, -40.47, "T", "DIP", "NET_46", "", "C", 49.213, 49.213, 27.56, 27.56, 270],
		[246, "USB3_7", -1867.48, -40.47, "B", "DIP", "NET_46", "", "C", 49.213, 49.213, 27.56, 27.56, 270],
		[247, "USB3_8", -1972.99, -87.72, "T", "DIP", "NET_47", "", "O", 47.244, 70.866, 27.56, 47.244, 270],
		[248, "USB3_8", -1972.99, -87.72, "B", "DIP", "NET_47", "", "O", 47.244, 70.866, 27.56, 47.244, 270],
		[249, "USB3_9", -1972.99, 197.72, "T", "DIP", "NET_48", "", "O", 47.244, 70.866, 27.56, 47.244, 270],
		[250, "USB3_9", -1972.99, 197.72, "B", "DIP", "NET_48", "", "O", 47.244, 70.866, 27.56, 47.244, 270],
		[251, "VL53L1X2_1", -823.505, -232.99, "B", "SMD", "VCC", "", "R", 19.685, 19.685, 0, 0, 270],
		[252, "VL53L1X2_2", -823.505, -201.49, "B", "SMD", "GND", "GND", "R", 19.685, 19.685, 0, 0, 270],
		[253, "VL53L1X2_3", -823.505, -170, "B", "SMD", "GND", "GND", "R", 19.685, 19.685, 0, 0, 270],
		[254, "VL53L1X2_4", -823.505, -138.5, "B", "SMD", "GND", "GND", "R", 19.685, 19.685, 0, 0, 270],
		[255, "VL53L1X2_5", -823.505, -107.01, "B", "SMD", "$1N9495", "", "R", 19.685, 19.685, 0, 0, 270],
		[256, "VL53L1X2_6", -855.005, -107.01, "B", "SMD", "GND", "GND", "R", 19.685, 19.685, 0, 0, 270],
		[257, "VL53L1X2_7", -886.495, -107.01, "B", "SMD", "NET_49", "", "R", 19.685, 19.685, 0, 0, 270],
		[258, "VL53L1X2_8", -886.495, -138.5, "B", "SMD", "NET_50", "", "R", 19.685, 19.685, 0, 0, 270],
		[259, "VL53L1X2_9", -886.495, -170, "B", "SMD", "I2C-SDA", "", "R", 19.685, 19.685, 0, 0, 270],
		[260, "VL53L1X2_10", -886.495, -201.49, "B", "SMD", "I2C-SCL", "", "R", 19.685, 19.685, 0, 0, 270],
		[261, "VL53L1X2_11", -886.495, -232.99, "B", "SMD", "VCC", "", "R", 19.685, 19.685, 0, 0, 270],
		[262, "VL53L1X2_12", -855.005, -232.99, "B", "SMD", "GND", "GND", "R", 19.685, 19.685, 0, 0, 270],
		[263, "PAD1_2", -425.788, -834.997, "T", "DIP", "BATT", "", "C", 59.055, 59.055, 35.434, 35.434, 0],
		[264, "PAD1_2", -425.788, -834.997, "B", "DIP", "BATT", "", "C", 59.055, 59.055, 35.434, 35.434, 0],
		[265, "PAD2_1", -524.218, -834.997, "T", "DIP", "$2N1035", "", "R", 59.055, 59.055, 35.434, 35.434, 0],
		[266, "PAD2_1", -524.218, -834.997, "B", "DIP", "$2N1035", "", "R", 59.055, 59.055, 35.434, 35.434, 0],
		[267, "PAD3_1", -1608.98, 515, "T", "SMD", "IO0", "", "R", 48.425, 53.543, 0, 0, 180],
		[268, "PAD4_2", -1781.02, 515, "T", "SMD", "GND", "GND", "R", 48.425, 53.543, 0, 0, 180],
		[269, "PAD5_2", -389.212, 369.997, "T", "DIP", "BATT", "", "C", 59.055, 59.055, 35.434, 35.434, 180],
		[270, "PAD5_2", -389.212, 369.997, "B", "DIP", "BATT", "", "C", 59.055, 59.055, 35.434, 35.434, 180],
		[271, "PAD6_1", -290.782, 369.997, "T", "DIP", "$2N1018", "", "R", 59.055, 59.055, 35.434, 35.434, 180],
		[272, "PAD6_1", -290.782, 369.997, "B", "DIP", "$2N1018", "", "R", 59.055, 59.055, 35.434, 35.434, 180],
		[273, "PAD7_2", -100.021, -420, "T", "SMD", "EN", "", "R", 31.106, 21.26, 0, 0, 0],
		[274, "PAD8_1", -142.941, -420, "T", "SMD", "GND", "GND", "R", 31.106, 21.26, 0, 0, 0],
		[275, "PAD9_2", -42.4995, -754.9435, "B", "SMD", "VCC", "", "R", 31.496, 35.433, 0, 0, 90],
		[276, "PAD10_1", -42.4995, -810.0635, "B", "SMD", "GND", "GND", "R", 31.496, 35.433, 0, 0, 90],
		[277, "PAD11_2", 22.5005, -754.9435, "B", "SMD", "VCC", "", "R", 31.496, 35.433, 0, 0, 90],
		[278, "PAD12_1", 22.5005, -810.0635, "B", "SMD", "GND", "GND", "R", 31.496, 35.433, 0, 0, 90],
		[279, "PAD13_2", -638.537, -388.394, "T", "SMD", "$1N8815", "", "R", 31.496, 35.433, 0, 0, 90],
		[280, "PAD14_1", -638.537, -443.514, "T", "SMD", "GND", "GND", "R", 31.496, 35.433, 0, 0, 90],
		[281, "PAD15_2", -705, -172.56, "T", "SMD", "VCC", "", "R", 31.496, 35.433, 0, 0, 270],
		[282, "PAD16_1", -705, -117.44, "T", "SMD", "GND", "GND", "R", 31.496, 35.433, 0, 0, 270],
		[283, "PAD17_2", -497.44, -65, "T", "SMD", "$1N8818", "", "R", 31.496, 35.433, 0, 0, 0],
		[284, "PAD18_1", -552.56, -65, "T", "SMD", "GND", "GND", "R", 31.496, 35.433, 0, 0, 0],
		[285, "PAD19_2", -805, -257.44, "T", "SMD", "VCC", "", "R", 31.496, 35.433, 0, 0, 90],
		[286, "PAD20_1", -805, -312.56, "T", "SMD", "GND", "GND", "R", 31.496, 35.433, 0, 0, 90],
		[287, "PAD21_2", -870, -257.44, "T", "SMD", "VCC", "", "R", 31.496, 35.433, 0, 0, 90],
		[288, "PAD22_1", -870, -312.56, "T", "SMD", "GND", "GND", "R", 31.496, 35.433, 0, 0, 90],
		[289, "PAD23_2", -962.44, -760, "T", "SMD", "BATT", "", "R", 31.496, 35.433, 0, 0, 0],
		[290, "PAD24_1", -1017.56, -760, "T", "SMD", "$2N1036", "", "R", 31.496, 35.433, 0, 0, 0],
		[291, "PAD25_2", -280, -952.44, "T", "SMD", "BATT", "", "R", 31.496, 35.433, 0, 0, 90],
		[292, "PAD26_1", -280, -1007.56, "T", "SMD", "$2N1035", "", "R", 31.496, 35.433, 0, 0, 90],
		[293, "PAD27_2", -417.56, 280, "T", "SMD", "BATT", "", "R", 31.496, 35.433, 0, 0, 180],
		[294, "PAD28_1", -362.44, 280, "T", "SMD", "$2N1018", "", "R", 31.496, 35.433, 0, 0, 180],
		[295, "PAD29_2", -1646.061, -696.641, "T", "SMD", "GND", "GND", "R", 58.465, 68.031, 0, 0, 270],
		[296, "PAD30_1", -1646.061, -571.241, "T", "SMD", "BATT", "", "R", 58.465, 68.031, 0, 0, 270],
		[297, "PAD31_2", -902.56, 280, "T", "SMD", "BATT", "", "R", 31.496, 35.433, 0, 0, 180],
		[298, "PAD32_1", -847.44, 280, "T", "SMD", "$2N1014", "", "R", 31.496, 35.433, 0, 0, 180],
		[299, "PAD33_2", -1036.165, -680, "T", "SMD", "$2N1036", "", "R", 39.37, 29.528, 0, 0, 180],
		[300, "PAD34_1", -943.835, -680, "T", "SMD", "BATT", "", "R", 39.37, 29.528, 0, 0, 180],
		[301, "PAD35_2", -280, -798.835, "T", "SMD", "$2N1035", "", "R", 39.37, 29.528, 0, 0, 90],
		[302, "PAD36_1", -280, -891.165, "T", "SMD", "BATT", "", "R", 39.37, 29.528, 0, 0, 90],
		[303, "PAD37_2", -343.835, 210, "T", "SMD", "$2N1018", "", "R", 39.37, 29.528, 0, 0, 0],
		[304, "PAD38_1", -436.165, 210, "T", "SMD", "BATT", "", "R", 39.37, 29.528, 0, 0, 0],
		[305, "PAD39_2", -833.835, 205, "T", "SMD", "$2N1014", "", "R", 39.37, 29.528, 0, 0, 0],
		[306, "PAD40_1", -926.165, 205, "T", "SMD", "BATT", "", "R", 39.37, 29.528, 0, 0, 0],
		[307, "PAD41_1", 39.5, -634.3, "B", "SMD", "GND", "GND", "R", 39.4, 65, 0, 0, 180],
		[308, "PAD42_2", -10.5, -634.3, "B", "SMD", "VCC", "", "R", 39.4, 65, 0, 0, 180],
		[309, "PAD43_3", -60.5, -634.3, "B", "SMD", "EN", "", "R", 39.4, 65, 0, 0, 180],
		[310, "PAD44_8", -310.5, -634.3, "B", "SMD", "MOTOR3", "", "R", 39.4, 65, 0, 0, 180],
		[311, "PAD45_9", -360.5, -634.3, "B", "SMD", "MOTOR2", "", "R", 39.4, 65, 0, 0, 180],
		[312, "PAD46_10", -410.5, -634.3, "B", "SMD", "MOTOR4", "", "R", 39.4, 65, 0, 0, 180],
		[313, "PAD47_12", -510.5, -634.3, "B", "SMD", "$1N7036", "", "R", 39.4, 65, 0, 0, 180],
		[314, "PAD48_24", -669.5, -55, "B", "SMD", "IO2", "", "R", 65, 39.4, 0, 0, 180],
		[315, "PAD49_25", -610.5, 74.3, "B", "SMD", "IO0", "", "R", 39.4, 65, 0, 0, 180],
		[316, "PAD50_26", -560.5, 74.3, "B", "SMD", "MOTOR1", "", "R", 39.4, 65, 0, 0, 180],
		[317, "PAD51_27", -510.5, 74.3, "B", "SMD", "I2C-SDA", "", "R", 39.4, 65, 0, 0, 180],
		[318, "PAD52_28", -460.5, 74.3, "B", "SMD", "I2C-SCL", "", "R", 39.4, 65, 0, 0, 180],
		[319, "PAD53_29", -410.5, 74.3, "B", "SMD", "NET_17", "", "R", 39.4, 65, 0, 0, 180],
		[320, "PAD54_30", -360.5, 74.3, "B", "SMD", "NET_18", "", "R", 39.4, 65, 0, 0, 180],
		[321, "PAD55_31", -310.5, 74.3, "B", "SMD", "MPU-INT", "", "R", 39.4, 65, 0, 0, 180],
		[322, "PAD56_33", -210.5, 74.3, "B", "SMD", "MPU-SDA", "", "R", 39.4, 65, 0, 0, 180],
		[323, "PAD57_34", -160.5, 74.3, "B", "SMD", "U0RX", "", "R", 39.4, 65, 0, 0, 180],
		[324, "PAD58_35", -110.5, 74.3, "B", "SMD", "U0TX", "", "R", 39.4, 65, 0, 0, 180],
		[325, "PAD59_36", -60.5, 74.3, "B", "SMD", "MPU-SCL", "", "R", 39.4, 65, 0, 0, 180],
		[326, "PAD60_38", 39.5, 74.3, "B", "SMD", "GND", "GND", "R", 39.4, 65, 0, 0, 180],
		[327, "PAD61_39", -255.5, -319.4, "B", "SMD", "GND", "GND", "R", 196.9, 196.9, 0, 0, 270],
		[328, "PAD62_1", -475.3, -288.349, "T", "SMD", "GND", "GND", "O", 11.024, 31.496, 0, 0, 90],
		[329, "PAD63_8", -524.51, -160.399, "T", "SMD", "VCC", "", "O", 31.496, 11.024, 0, 0, 90],
		[330, "PAD64_9", -544.2, -160.399, "T", "SMD", "$1N8820", "", "O", 31.496, 11.024, 0, 0, 90],
		[331, "PAD65_10", -563.88, -160.399, "T", "SMD", "$1N8818", "", "O", 31.496, 11.024, 0, 0, 90],
		[332, "PAD66_11", -583.57, -160.399, "T", "SMD", "GND", "GND", "O", 31.496, 11.024, 0, 0, 90],
		[333, "PAD67_12", -603.25, -160.399, "T", "SMD", "MPU-INT", "", "O", 31.496, 11.024, 0, 0, 90],
		[334, "PAD68_13", -632.78, -189.929, "T", "SMD", "VCC", "", "O", 11.024, 31.496, 0, 0, 90],
		[335, "PAD69_18", -632.78, -288.039, "T", "SMD", "GND", "GND", "O", 11.024, 31.496, 0, 0, 90],
		[336, "PAD70_20", -583.57, -317.879, "T", "SMD", "$1N8815", "", "O", 31.496, 11.024, 0, 0, 90],
		[337, "PAD71_23", -524.51, -317.879, "T", "SMD", "MPU-SCL", "", "O", 31.496, 11.024, 0, 0, 90],
		[338, "PAD72_24", -504.83, -317.879, "T", "SMD", "MPU-SDA", "", "O", 31.496, 11.024, 0, 0, 90],
		[339, "PAD73_2", -1480.565, 257.065, "T", "SMD", "$1N8261", "", "R", 31.496, 31.496, 0, 0, 90],
		[340, "PAD74_1", -1543.515, 257.055, "T", "SMD", "EN", "", "R", 31.496, 31.496, 0, 0, 90],
		[341, "PAD75_2", -1883.525, -209.995, "T", "SMD", "$1N8358", "", "R", 31.496, 31.496, 0, 0, 90],
		[342, "PAD76_1", -1946.475, -210.005, "T", "SMD", "GND", "GND", "R", 31.496, 31.496, 0, 0, 90],
		[343, "PAD77_1", -1375.63, 477.6, "T", "SMD", "$1N1287", "", "R", 49.213, 27.559, 0, 0, 0],
		[344, "PAD78_2", -1375.63, 552.4, "T", "SMD", "$1N1302", "", "R", 49.213, 27.559, 0, 0, 0],
		[345, "PAD79_3", -1454.37, 515, "T", "SMD", "IO0", "", "R", 49.213, 27.559, 0, 0, 0],
		[346, "PAD80_1", -1372.6, 399.37, "T", "SMD", "$1N1296", "", "R", 49.213, 27.559, 0, 0, 90],
		[347, "PAD81_2", -1447.4, 399.37, "T", "SMD", "$1N1036", "", "R", 49.213, 27.559, 0, 0, 90],
		[348, "PAD82_3", -1410, 320.63, "T", "SMD", "EN", "", "R", 49.213, 27.559, 0, 0, 90],
		[349, "PAD83_2", -1514.724, -422.598, "T", "SMD", "$1N10101", "", "R", 39.37, 31.496, 0, 0, 180],
		[350, "PAD84_3", -1605.276, -459.998, "T", "SMD", "BATT", "", "R", 39.37, 31.496, 0, 0, 180],
		[351, "PAD85_1", -1514.724, -497.402, "T", "SMD", "+5V", "", "R", 39.37, 31.496, 0, 0, 180],
		[352, "PAD86_1", -1359.37, -867.6, "T", "SMD", "$2N1026", "", "R", 49.213, 27.559, 0, 0, 180],
		[353, "PAD87_2", -1359.37, -942.4, "T", "SMD", "GND", "GND", "R", 49.213, 27.559, 0, 0, 180],
		[354, "PAD88_3", -1280.63, -905, "T", "SMD", "$2N1036", "", "R", 49.213, 27.559, 0, 0, 180],
		[355, "PAD89_1", -125.63, -1032.4, "T", "SMD", "$2N1032", "", "R", 49.213, 27.559, 0, 0, 0],
		[356, "PAD90_2", -125.63, -957.6, "T", "SMD", "GND", "GND", "R", 49.213, 27.559, 0, 0, 0],
		[357, "PAD91_3", -204.37, -995, "T", "SMD", "$2N1035", "", "R", 49.213, 27.559, 0, 0, 0],
		[358, "PAD92_1", -55.63, 342.6, "T", "SMD", "$2N1020", "", "R", 49.213, 27.559, 0, 0, 0],
		[359, "PAD93_2", -55.63, 417.4, "T", "SMD", "GND", "GND", "R", 49.213, 27.559, 0, 0, 0],
		[360, "PAD94_3", -134.37, 380, "T", "SMD", "$2N1018", "", "R", 49.213, 27.559, 0, 0, 0],
		[361, "PAD95_1", -685.63, 167.6, "T", "SMD", "$2N1016", "", "R", 49.213, 27.559, 0, 0, 0],
		[362, "PAD96_2", -685.63, 242.4, "T", "SMD", "GND", "GND", "R", 49.213, 27.559, 0, 0, 0],
		[363, "PAD97_3", -764.37, 205, "T", "SMD", "$2N1014", "", "R", 49.213, 27.559, 0, 0, 0],
		[364, "PAD98_2", -1285, 285.34, "T", "SMD", "$1N1036", "", "R", 31.751, 34.016, 0, 0, 270],
		[365, "PAD99_1", -1285, 344.66, "T", "SMD", "$1N1287", "", "R", 31.751, 34.016, 0, 0, 270],
		[366, "PAD100_2", -1220, 354.66, "T", "SMD", "$1N1302", "", "R", 31.751, 34.016, 0, 0, 90],
		[367, "PAD101_1", -1220, 295.34, "T", "SMD", "$1N1296", "", "R", 31.751, 34.016, 0, 0, 90],
		[368, "PAD102_2", -101.821, -470, "T", "SMD", "EN", "", "R", 31.751, 34.016, 0, 0, 0],
		[369, "PAD103_1", -161.141, -470, "T", "SMD", "VCC", "", "R", 31.751, 34.016, 0, 0, 0],
		[370, "PAD104_2", -1910, -369.66, "T", "SMD", "$1N7036", "", "R", 31.751, 34.016, 0, 0, 270],
		[371, "PAD105_1", -1910, -310.34, "T", "SMD", "GND", "GND", "R", 31.751, 34.016, 0, 0, 270],
		[372, "PAD106_2", -1849.9097, -308.9363, "T", "SMD", "$1N7419", "", "R", 31.751, 34.016, 0, 0, 90],
		[373, "PAD107_1", -1849.9097, -368.2563, "T", "SMD", "$1N7036", "", "R", 31.751, 34.016, 0, 0, 90],
		[374, "PAD108_2", -1791.6127, -366.9993, "T", "SMD", "BATT", "", "R", 31.751, 34.016, 0, 0, 270],
		[375, "PAD109_1", -1791.6127, -307.6793, "T", "SMD", "$1N7419", "", "R", 31.751, 34.016, 0, 0, 270],
		[376, "PAD110_2", -1540, 320.34, "T", "SMD", "EN", "", "R", 31.751, 34.016, 0, 0, 270],
		[377, "PAD111_1", -1540, 379.66, "T", "SMD", "VCC", "", "R", 31.751, 34.016, 0, 0, 270],
		[378, "PAD112_2", -1540, 514.66, "T", "SMD", "IO0", "", "R", 31.751, 34.016, 0, 0, 90],
		[379, "PAD113_1", -1540, 455.34, "T", "SMD", "VCC", "", "R", 31.751, 34.016, 0, 0, 90],
		[380, "PAD114_2", -1415.34, 195, "T", "SMD", "VCC", "", "R", 31.751, 34.016, 0, 0, 0],
		[381, "PAD115_1", -1474.66, 195, "T", "SMD", "$1N8261", "", "R", 31.751, 34.016, 0, 0, 0],
		[382, "PAD116_2", -1765.34, -210, "T", "SMD", "IO2", "", "R", 31.751, 34.016, 0, 0, 0],
		[383, "PAD117_1", -1824.66, -210, "T", "SMD", "$1N8358", "", "R", 31.751, 34.016, 0, 0, 0],
		[384, "PAD118_2", 20, 345.63, "T", "SMD", "$2N1020", "", "R", 44.588, 54.213, 0, 0, 270],
		[385, "PAD119_1", 20, 424.37, "T", "SMD", "GND", "GND", "R", 44.588, 54.213, 0, 0, 270],
		[386, "PAD120_2", -575, -385.34, "T", "SMD", "MPU-SCL", "", "R", 31.751, 34.016, 0, 0, 90],
		[387, "PAD121_1", -575, -444.66, "T", "SMD", "VCC", "", "R", 31.751, 34.016, 0, 0, 90],
		[388, "PAD122_2", -515, -385.34, "T", "SMD", "MPU-SDA", "", "R", 31.751, 34.016, 0, 0, 90],
		[389, "PAD123_1", -515, -444.66, "T", "SMD", "VCC", "", "R", 31.751, 34.016, 0, 0, 90],
		[390, "PAD124_2", -370.34, -70, "T", "SMD", "GND", "GND", "R", 31.751, 34.016, 0, 0, 0],
		[391, "PAD125_1", -429.66, -70, "T", "SMD", "$1N8820", "", "R", 31.751, 34.016, 0, 0, 0],
		[392, "PAD126_2", -644.66, 330, "T", "SMD", "$2N1016", "", "R", 31.751, 34.016, 0, 0, 180],
		[393, "PAD127_1", -585.34, 330, "T", "SMD", "MOTOR1", "", "R", 31.751, 34.016, 0, 0, 180],
		[394, "PAD128_2", -130.34, -875, "T", "SMD", "$2N1032", "", "R", 31.751, 34.016, 0, 0, 0],
		[395, "PAD129_1", -189.66, -875, "T", "SMD", "MOTOR3", "", "R", 31.751, 34.016, 0, 0, 0],
		[396, "PAD130_2", -884.66, 45, "T", "SMD", "VCC", "", "R", 31.751, 34.016, 0, 0, 180],
		[397, "PAD131_1", -825.34, 45, "T", "SMD", "$1N9495", "", "R", 31.751, 34.016, 0, 0, 180],
		[398, "PAD132_2", -975.34, -145, "T", "SMD", "I2C-SDA", "", "R", 31.751, 34.016, 0, 0, 0],
		[399, "PAD133_1", -1034.66, -145, "T", "SMD", "VCC", "", "R", 31.751, 34.016, 0, 0, 0],
		[400, "PAD134_2", -975.34, -200, "T", "SMD", "I2C-SCL", "", "R", 31.751, 34.016, 0, 0, 0],
		[401, "PAD135_1", -1034.66, -200, "T", "SMD", "VCC", "", "R", 31.751, 34.016, 0, 0, 0],
		[402, "PAD136_2", -1520, -860.34, "T", "SMD", "$2N1026", "", "R", 31.751, 34.016, 0, 0, 90],
		[403, "PAD137_1", -1520, -919.66, "T", "SMD", "MOTOR4", "", "R", 31.751, 34.016, 0, 0, 90],
		[404, "PAD138_2", 34.66, 275, "T", "SMD", "$2N1020", "", "R", 31.751, 34.016, 0, 0, 0],
		[405, "PAD139_1", -24.66, 275, "T", "SMD", "MOTOR2", "", "R", 31.751, 34.016, 0, 0, 0],
		[406, "PAD140_2", -1450, -865.63, "T", "SMD", "$2N1026", "", "R", 44.588, 54.213, 0, 0, 90],
		[407, "PAD141_1", -1450, -944.37, "T", "SMD", "GND", "GND", "R", 44.588, 54.213, 0, 0, 90],
		[408, "PAD142_2", -54.9465, -877.5775, "T", "SMD", "$2N1032", "", "R", 44.588, 54.213, 0, 0, 90],
		[409, "PAD143_1", -54.9465, -956.3175, "T", "SMD", "GND", "GND", "R", 44.588, 54.213, 0, 0, 90],
		[410, "PAD144_2", -590, 170.63, "T", "SMD", "$2N1016", "", "R", 44.588, 54.213, 0, 0, 270],
		[411, "PAD145_1", -590, 249.37, "T", "SMD", "GND", "GND", "R", 44.588, 54.213, 0, 0, 270],
		[412, "PAD146_1", -1608.98, 320, "T", "SMD", "EN", "", "R", 48.425, 53.543, 0, 0, 180],
		[413, "PAD147_2", -1781.02, 320, "T", "SMD", "GND", "GND", "R", 48.425, 53.543, 0, 0, 180],
		[414, "PAD148_2", -945.788, -834.997, "T", "DIP", "BATT", "", "C", 59.055, 59.055, 35.434, 35.434, 0],
		[415, "PAD148_2", -945.788, -834.997, "B", "DIP", "BATT", "", "C", 59.055, 59.055, 35.434, 35.434, 0],
		[416, "PAD149_1", -1044.218, -834.997, "T", "DIP", "$2N1036", "", "R", 59.055, 59.055, 35.434, 35.434, 0],
		[417, "PAD149_1", -1044.218, -834.997, "B", "DIP", "$2N1036", "", "R", 59.055, 59.055, 35.434, 35.434, 0],
		[418, "PAD150_2", -924.212, 369.997, "T", "DIP", "BATT", "", "C", 59.055, 59.055, 35.434, 35.434, 180],
		[419, "PAD150_2", -924.212, 369.997, "B", "DIP", "BATT", "", "C", 59.055, 59.055, 35.434, 35.434, 180],
		[420, "PAD151_1", -825.782, 369.997, "T", "DIP", "$2N1014", "", "R", 59.055, 59.055, 35.434, 35.434, 180],
		[421, "PAD151_1", -825.782, 369.997, "B", "DIP", "$2N1014", "", "R", 59.055, 59.055, 35.434, 35.434, 180],
		[422, "PAD152_1", -1515, -148.09, "T", "SMD", "GND", "GND", "O", 22.047, 68.701, 0, 0, 0],
		[423, "PAD153_2", -1465, -148.09, "T", "SMD", "U0TX", "", "O", 22.047, 68.701, 0, 0, 0],
		[424, "PAD154_3", -1415, -148.09, "T", "SMD", "U0RX", "", "O", 22.047, 68.701, 0, 0, 0],
		[425, "PAD155_5", -1315, -148.09, "T", "SMD", "D+NET", "", "O", 22.047, 68.701, 0, 0, 0],
		[426, "PAD156_6", -1265, -148.09, "T", "SMD", "D-NET", "", "O", 22.047, 68.701, 0, 0, 0],
		[427, "PAD157_16", -1515, 78.09, "T", "SMD", "VCC", "", "O", 22.047, 68.701, 0, 0, 0],
		[428, "PAD158_14", -1415, 78.09, "T", "SMD", "$1N1036", "", "O", 22.047, 68.701, 0, 0, 0],
		[429, "PAD159_13", -1365, 78.09, "T", "SMD", "$1N1302", "", "O", 22.047, 68.701, 0, 0, 0],
		[430, "PAD160_2", -1650, -282.66, "T", "SMD", "+5V", "", "R", 70.866, 94.488, 0, 0, 180],
		[431, "PAD161_1", -1485.32, -282.66, "T", "SMD", "GND", "GND", "R", 70.866, 94.488, 0, 0, 180],
		[432, "PAD162_2", -1764.997, -634.212, "T", "DIP", "GND", "GND", "C", 59.055, 59.055, 35.434, 35.434, 270],
		[433, "PAD162_2", -1764.997, -634.212, "B", "DIP", "GND", "GND", "C", 59.055, 59.055, 35.434, 35.434, 270],
		[434, "PAD163_1", -1764.997, -535.782, "T", "DIP", "BATT", "", "R", 59.055, 59.055, 35.434, 35.434, 270],
		[435, "PAD163_1", -1764.997, -535.782, "B", "DIP", "BATT", "", "R", 59.055, 59.055, 35.434, 35.434, 270],
		[436, "PAD164_5", -1847.01, 4.23, "T", "SMD", "GND", "GND", "R", 15.748, 62.992, 0, 0, 270],
		[437, "PAD165_3", -1847.01, 55.41, "T", "SMD", "D+NET", "", "R", 15.748, 62.992, 0, 0, 270],
		[438, "PAD166_2", -1847.01, 81, "T", "SMD", "D-NET", "", "R", 15.748, 62.992, 0, 0, 270],
		[439, "PAD167_1", -1847.01, 106.59, "T", "SMD", "+5V", "", "R", 15.748, 62.992, 0, 0, 270],
		[440, "PAD168_12", -855.005, -232.99, "B", "SMD", "GND", "GND", "R", 19.685, 19.685, 0, 0, 270],
		[441, "PAD169_11", -886.495, -232.99, "B", "SMD", "VCC", "", "R", 19.685, 19.685, 0, 0, 270],
		[442, "PAD170_10", -886.495, -201.49, "B", "SMD", "I2C-SCL", "", "R", 19.685, 19.685, 0, 0, 270],
		[443, "PAD171_9", -886.495, -170, "B", "SMD", "I2C-SDA", "", "R", 19.685, 19.685, 0, 0, 270],
		[444, "PAD172_6", -855.005, -107.01, "B", "SMD", "GND", "GND", "R", 19.685, 19.685, 0, 0, 270],
		[445, "PAD173_5", -823.505, -107.01, "B", "SMD", "$1N9495", "", "R", 19.685, 19.685, 0, 0, 270],
		[446, "PAD174_4", -823.505, -138.5, "B", "SMD", "GND", "GND", "R", 19.685, 19.685, 0, 0, 270],
		[447, "PAD175_3", -823.505, -170, "B", "SMD", "GND", "GND", "R", 19.685, 19.685, 0, 0, 270],
		[448, "PAD176_2", -823.505, -201.49, "B", "SMD", "GND", "GND", "R", 19.685, 19.685, 0, 0, 270],
		[449, "PAD177_1", -823.505, -232.99, "B", "SMD", "VCC", "", "R", 19.685, 19.685, 0, 0, 270],
		[450, "PAD178_2", -1045, -417.44, "T", "SMD", "VCC", "", "R", 31.496, 35.433, 0, 0, 180],
		[451, "PAD179_1", -989.88, -417.44, "T", "SMD", "GND", "GND", "R", 31.496, 35.433, 0, 0, 180],
		[452, "PAD180_2", -1260, -737.44, "T", "SMD", "$1N10101", "", "R", 31.496, 35.433, 0, 0, 90],
		[453, "PAD181_1", -1260, -792.56, "T", "SMD", "GND", "GND", "R", 31.496, 35.433, 0, 0, 90],
		[454, "PAD182_1", -1276.927, -454.45, "T", "SMD", "GND", "GND", "R", 98.425, 43.307, 0, 0, 180],
		[455, "PAD183_3", -1276.927, -635.55, "T", "SMD", "$1N10101", "", "R", 98.425, 43.307, 0, 0, 180],
		[456, "PAD184_4", -1043.072, -545, "T", "SMD", "VCC", "", "R", 92.126, 141.732, 0, 0, 180],
		[457, "PAD185_2", -870, -732.56, "T", "SMD", "GND", "GND", "R", 31.496, 35.433, 0, 0, 270],
		[458, "PAD186_1", -870, -677.44, "T", "SMD", "VCC", "", "R", 31.496, 35.433, 0, 0, 270],
		[459, "PAD187_2", -1965, 466.35, "T", "SMD", "GND", "GND", "R", 39.37, 55.1, 0, 0, 270],
		[460, "PAD188_1", -1965, 549.05, "T", "SMD", "$2N3135", "", "R", 39.37, 55.1, 0, 0, 270],
		[461, "PAD189_2", -1465, -588.39, "T", "SMD", "+5V", "", "R", 78.74, 78.74, 0, 0, 270],
		[462, "PAD190_1", -1465, -761.61, "T", "SMD", "$1N10101", "", "R", 78.74, 78.74, 0, 0, 270],
		[463, "PAD191_2", -1965, 368.65, "T", "SMD", "GND", "GND", "R", 39.37, 55.1, 0, 0, 90],
		[464, "PAD192_1", -1965, 285.95, "T", "SMD", "$2N3141", "", "R", 39.37, 55.1, 0, 0, 90],
		[465, "PAD193_2", -1864.41, 335.246, "T", "SMD", "NET_18", "", "R", 31.751, 34.016, 0, 0, 90],
		[466, "PAD194_1", -1864.41, 275.926, "T", "SMD", "$2N3141", "", "R", 31.751, 34.016, 0, 0, 90],
		[467, "PAD195_2", -1860, 420.34, "T", "SMD", "NET_17", "", "R", 31.751, 34.016, 0, 0, 270],
		[468, "PAD196_1", -1860, 479.66, "T", "SMD", "$2N3135", "", "R", 31.751, 34.016, 0, 0, 270],
		[469, "PAD197_2", -1390, -375.34, "T", "SMD", "GND", "GND", "R", 31.751, 34.016, 0, 0, 90],
		[470, "PAD198_1", -1390, -434.66, "T", "SMD", "+5V", "", "R", 31.751, 34.016, 0, 0, 90],
		[471, "PAD199_2", -1969.32, -368.703, "T", "SMD", "$1N7036", "", "R", 31.496, 35.433, 0, 0, 270],
		[472, "PAD200_1", -1969.32, -313.583, "T", "SMD", "GND", "GND", "R", 31.496, 35.433, 0, 0, 270]
	]
}
}